{
    "centroid":[1.6272575216271712,0.42345003083046473,-0.9233280199151793,0.18727961008324412,-0.04919699261777509,0.7182796154092294,-1.428773732704969,-0.1545666227631537,1.0453570341519822,-0.4332361896890786,0.16977489758827985,-0.22913587243697092,0.7505311481705866,0.24070182151429875,0.1922090999639723],
    "selection":[100,101,103,104,105,108,110,111,114,117,122,123,126,129,133,134,142,144,147,151,152,154,155,158,159,161,162,164,165,167,169,177,178,182,183,185,186,187,189,191,192,193,196,197,199,202,203,205,206,209,212,214,218,221,222,224,226,228,229,231,233,235,236,244,245,249,261,273,276,308,310,317,318,322,323,327,329,333,334,339,344,346,347,601,913,1050,1062,1115,1130,1163,1522,1612,1663,1664,1668,1670,1677,1684,1689,1713,1714,1717,2526,2753,3262,3270,3283,3291,3292,3296,3762,4057,5352,5353,5354,5355,5356,5357,5358,5363,5364,5367,5368,5372,5373,5375,5378,5383,5385,5387,5388,5392,5393,5396,5452,5458,5466,5471,5477,5484,5486,5489,5495,5496,5529,5771,5785,5899,6189,6374,7181,7207,7245,7322,7349,7410,7417,7419,7433,7435,7437,7450,7453,7455,7456,7458,7460,7467,7469,7470,7474,7475,7479,7485,7486,7487,7488,7490,7492,7493,7495,7496,7497,7519,12730,14559,14616,15189,15645,15765,16399,16444,16460,16480,16494,19450,19453,19460,19482,19540,19623,19633,19637,19650,19652,19657,19658,19669,19682,19740,19741,19747,19755,19789,19794,19854,19887,19889,20221,20261,20274,20283,20593,20611,21356,21388,21865,22014,22334,22495,22591,22987,23030,26516,26517,26573,27855,27886,27892,27893,28479,29697,29873,30227,30527,30642,30766,30775,31002,31834,32513,33314,33382,33513,33899,33936,34037,34403,34438,34573,34871,35066,35069,35077,35089,35096,35099,35180,37771,37849,38081,38375,38474,38476,39271,39732,40056,40064,40068,40079,40080,40084,40088,40089,40090,40637,40687,41349,41524,41697,42023,42087,42203,42256,42258,42295,43980,44797,45143,45562,45650,45652,45942,45969,46107,46458,47280,47294,48055,48560,48658,48663,48664,48665,48677,48680,48689,48843,49150,49151,49153,49161,49163,49164,49169,49170,49174,49175,49179,49182,49184,49186,49187,49188,49192,49194,49196,49197,49198,49213],
    "radius":10,
    "text":"Ocean Animals",
    "textOffset":[0,-1.1]
}