{
  "centroid": [-0.24088205310221109,0.09081460316034128,-0.7811289521679906,-0.2781102925728317,0.5013145927588345,0.6949703755889576,-1.0894703209732417,-0.05235634670552237,0.5962842383706783,-0.5332824412522456,0.039080412651659215,-0.1361707193049976,0.2247190610484729,0.13775274603966817,0.13640415912907844],
  "selection": [119,127,130,143,163,166,168,194,216,220,254,279,293,320,326,336,340,349,622,791,810,842,843,944,1068,1074,1080,1087,1093,1105,1106,1117,1143,1165,1182,1220,1307,1655,1688,1697,2934,3255,3257,3265,3280,3700,3739,4108,4456,4489,4619,4689,4700,4762,4880,4905,4909,4913,4930,5026,5351,5377,5492,5494,5595,5767,5876,6089,6155,6284,6328,6354,6356,6382,6509,6591,6611,6730,6745,7053,7063,7070,7108,7142,7208,7226,7229,7321,7327,7342,7351,7358,7367,7369,7413,7452,7473,7491,7529,7641,9077,9555,10245,12114,12459,13363,13408,15092,15593,15988,16355,16435,17463,17485,17914,18448,18722,18730,18926,19068,19097,19502,19509,19515,19647,19665,19677,19825,19835,19842,19874,19880,20173,20219,20230,20265,20278,20281,20292,20851,20882,21569,21650,21657,21664,21690,21706,21721,21744,21857,21873,21892,21898,22122,22124,22134,22142,22230,22284,22346,22533,22626,22844,23239,24193,24214,24217,24221,24226,24481,24729,24869,24885,24894,25184,25212,25539,25719,25859,25872,25884,25887,26082,26179,26690,26695,26974,27027,27035,27036,27365,27716,27743,27747,27851,27888,27899,28107,28704,28800,28832,28964,29500,30012,30249,30539,30754,30787,31241,31274,31422,31429,31552,31818,32276,32461,32872,32901,33183,33242,33280,33287,33448,33643,33993,34094,34135,34148,34310,34670,34680,34687,34738,35062,35065,35067,35068,35074,35083,35407,35408,35420,35424,35440,35477,35495,35630,35631,36008,36115,36188,36202,36220,36383,36395,36433,37232,37843,38790,38853,39013,39149,39161,39186,39199,39545,39772,39848,39867,39911,40051,40053,40060,40075,40081,40083,40103,40117,40138,40166,40218,40269,40390,40609,40661,40744,41040,41073,41094,41645,41927,41998,42608,42708,42741,43021,43160,43162,43192,43397,43540,43579,44768,44781,45001,45004,45023,45034,45133,45408,45679,45705,45951,45966,48655,48672,48678,48692,48696,48704,48809,48849,48866,48885,48951,49138,49193,49195,49225],
  "radius": 10,
  "text": "Outdoor Scenes",
  "textOffset": [0,-1.1]
}