{
  "centroid":[-0.7802071117955133,-1.1110323315198116,0.19136850869451252,0.7032981334234457,0.1975168821729927,-0.7778806025700348,-1.173728439712522,1.5677110108121235,-0.9557984088348181,-0.9147688529750291,0.6124581664437313,0.8240741467232923,-1.76210068744568,0.38656115320750867,-0.20231054546991972],
  "selection":[5224,7565,7659,7665,7757,7763,7824,7830,7842,7869,7874,7991,8053,8059,8091,8110,8111,8140,8172,8262,8264,8279,8280,8285,8294,8295,8331,8348,8384,8398,8437,8477,8572,8761,8766,8788,8794,8798,8863,8906,8983,9016,9022,9023,9050,9205,9223,9224,9236,9289,9299,9307,9332,9334,9362,9393,9580,9682,9717,9729,9773,9806,9842,9911,9919,9999,10004,10029,10071,10115,10175,10236,10256,10267,10275,10354,10371,10389,10391,10397,10407,10436,10439,10440,10446,10457,10541,10550,10615,10645,10683,10690,10691,10728,10750,10752,10753,10788,10873,10875,10885,10887,10946,10949,10962,10967,10976,10990,10999,11008,11203,11306,11392,11526,11564,11575,11583,11594,11596,11603,11604,11609,11619,11637,11642,11795,11822,11907,11939,11944,11948,11986,11990,12039,12049,12086,12096,12119,12131,12144,12150,12153,12159,12170,12195,12219,12245,12249,12255,12312,12339,12395,12420,12463,12467,12490,12499,12534,12535,12748,12830,12836,12842,12878,12890,12970,12991,12992,13003,13042,13066,13167,13219,13307,13361,13496,13502,13506,13536,13570,13583,13651,13686,13721,13794,13865,13962,14075,14140,14201,14302,14335,14337,14342,14348,14356,14561,14570,14576,14586,14697,14882,14886,18253,18262,18983,19218,25769,33822,39679],
  "radius":10,
  "text":"Animal Faces",
  "textOffset":[0,-1.1],
  "handleLine":false,
  "highlight":true
}