{
  "centroid":[-0.48438763145495756,-0.5394552005139379,-0.8714472071092567,0.7745325811262618,0.6250445576968554,-0.961249803314943,-0.8158132295999766,0.8815370766091954,-1.4990613500695364,-0.2837586697524635,0.49757756950732923,0.6755751670430249,-0.7345021533961188,0.32424558997765573,0.747285654152602],
  "selection":[8024,8165,8178,8207,8236,8341,8383,8393,8442,8465,8476,8491,8502,8518,8526,8549,8654,8698,8803,8817,8833,8838,8915,8992,9055,9185,9190,9215,9285,9298,9500,9517,9524,9536,9946,10013,10288,10382,10499,10535,10600,10628,10694,10824,10930,11018,11098,11138,11273,11377,11382,11413,11635,11666,11670,11686,11838,12055,12081,12161,12326,12441,12760,12762,12764,12787,12827,12896,13412,13552,13614,13622,13646,13823,13892,14032,17416,17694],
  "radius":10,
  "text":"Right-facing Dogs",
  "textOffset":[0,-1.1],
  "handleLine":false,
  "highlight":true
}