{
  "centroid":[-0.9819261257121924,-0.9626346319954324,-0.4833084433469861,0.5047524794097306,0.9078391548503741,-0.7565645176949226,-1.0018998217430461,0.8852219609433659,-0.8952180846431488,-0.19247565516688267,0.729407966593131,1.5589262737236897,-0.5296066351945076,0.520681784225113,0.8101713458042],
  "selection":[7734,7812,7981,8194,8195,8221,8382,8389,8395,8397,8418,8420,8423,8461,8494,8503,8516,8519,8530,8548,8611,8631,8632,8662,8708,8754,8759,8781,8783,8784,8800,8816,8832,8835,8858,8876,8891,8898,8952,8979,8984,9053,9087,9810,9841,9870,9908,9928,10279,10284,10394,10545,10657,10713,10928,11064,11086,11288,11319,11330,11350,11359,11373,11469,11598,11657,11685,11692,11806,11863,11925,12051,12056,12077,12157,12160,12233,12247,12305,12476,12527,12751,12755,12756,12759,12761,12763,12766,12767,12768,12769,12772,12774,12777,12780,12781,12782,12784,12786,12788,12789,12790,12793,12794,12799,12803,13333,13413,13419,13421,13435,13505,13559,13615,13673,13826,14338,16974,16978],
  "radius":10,
  "text":"Left-facing Dogs",
  "textOffset":[0,-1.1],
  "handleLine":false,
  "highlight":true
}