{
  "centroid":[0.11984851945220461,0.21606385195505667,0.8097652715278569,0.039975866459767084,-0.3430910304412226,0.7812416046193228,-0.4874433011578528,0.16892185095433276,0.7683246921759229,-1.1792088402118186,0.3300929536926261,-0.027558360679623802,-0.869548995785864,0.15379481411687843,-0.8981653544451976],
  "selection":[2486,3061,3137,3830,8566,9335,12329,15322,15346,17961,19873,19961,19966,19971,20029,20034,20039,20084,20665,20723,20896,20958,20969,20971,20975,20984,20997,20999,21242,21603,21626,21634,21651,21661,21669,21670,21679,21699,21702,21707,21709,21720,21725,21727,21729,21732,21734,21748,21763,21772,21778,21782,21797,22063,22153,22156,22174,22179,22186,22257,22261,22608,22611,22622,22624,22626,22631,22642,22644,22645,22649,22856,22862,22863,22871,22872,22874,22875,22876,22880,22882,22887,22891,22950,22985,23102,23157,23502,24341,24510,24528,24548,25054,25057,25061,25063,25073,25091,25402,25760,25765,25772,25774,25778,25787,25792,25793,25797,25827,25828,25935,26012,26046,26049,26181,26484,27470,27472,27596,27608,27613,27628,27629,27640,27648,27904,27930,27942,28411,28504,29206,29239,29274,29291,29293,29376,29489,29665,29686,29695,29815,29846,30130,30268,30500,30854,30858,30872,30874,30882,30933,31144,31213,31311,31335,31468,31484,31490,31674,31692,31694,32150,32160,32192,32521,32523,32527,32600,32613,32633,32636,32638,32643,32644,33354,33360,33370,33386,33395,33398,33399,33905,33910,33914,33916,33923,33926,33928,33930,33932,33933,33934,33942,33943,33944,33949,34035,34172,34189,34191,34195,34592,34859,35788,35795,36044,36573,37040,37976,38069,38388,38725,38795,38843,39255,39259,39266,39268,39269,39282,39286,39293,39296,39299,39650,39651,39653,39658,39660,39666,39670,39673,39681,39683,39684,39690,39692,39693,39696,39698,39825,40085,40093,40408,40413,40428,40432,40441,40686,40697,41114,41151,41165,41168,41169,41182,41187,41228,41418,41713,41745,41803,41811,41814,41826,41836,41841,41845,41851,41862,41863,41865,41880,41896,41899,41907,41910,41914,41921,41926,41928,41937,42131,42619,42731,43071,43450,43834,43977,44298,44459,44853,44871,45151,45152,45160,45161,45162,45163,45165,45177,45178,45182,45183,45184,45186,45189,45196,45198,45274,45301,45317,45336,45342,45544,45564,45598,46071,46407,46444,46463,46488,46491,46498,46723,48254,48271,48306,48454,49062,49086,49097,49116,49353,49364,49901,49989],
  "radius":10,
  "text":"Human",
  "textOffset":[0, -1.1],
  "handleLine":false,
  "highlight":true,
  "text-anchor": "middle"
}